SubjectID,X-Grade,Attempts_early,CorrectEventually_early,Attempts_late,CorrectEventually_late,Avg_Score,Total_Compile_Errors,Unique_Problems_Attempted,Run_Program_Count,Compile_Count,Compile_Success_Rate,Avg_Time_Between_Events,Total_Active_Duration
65be44ae7088566069cc3bef454174a7,0.36,1.6333333333333333,0.9666666666666667,1.4,1.0,0.6349206349206349,154,40,63,63,0.6507936507936508,21701.64157706093,6054758.0
0bdf2c1f053650715e1f0c725d754b96,0.3917,5.684210526315789,0.42105263157894735,6.75,0.8,0.3202763684,139,39,250,250,0.552,8120.454545454545,5180850.0
ad8d3a0a0f0a084a97fad357c649438c,0.616,3.7,1.0,,,0.42697556756756755,28,10,37,37,0.7027027027027027,52.56435643564357,5309.0
f4db8537e9d75da46c4efc36a2d70956,0.431,1.7,1.0,2.45,0.95,0.5982568112068966,126,50,116,116,0.6551724137931034,16255.921568627451,5803364.0
d7419ae04f248e5105ac3d0700389775,0.7243999999999999,8.736842105263158,0.7894736842105263,8.705882352941176,0.7647058823529411,0.24298318535031846,355,36,314,314,0.445859872611465,5205.730142566192,5112027.0
e3edca0f6e68bfb76eaf26a8eb6dd94b,0.84,5.566666666666666,0.9333333333333333,3.1,0.95,0.4248986404347826,225,50,230,230,0.6217391304347826,8882.865497076024,6075880.0
d843407a1a701630bb297c1148229eff,0.49,2.6333333333333333,1.0,2.1,1.0,0.48645183333333336,131,40,102,102,0.5784313725490197,11086.35628742515,3702843.0
81a0c4689fb7ce553a0d5c2fd19b6efd,0.9,6.125,0.9166666666666666,5.444444444444445,0.8888888888888888,0.5276094072580646,69,42,248,248,0.7903225806451613,10393.482269503545,5861924.0
468cbac056133a996283cca7e2976336,0.675,8.294117647058824,0.7647058823529411,4.8,1.0,0.36739704728033473,207,37,239,239,0.602510460251046,8815.494152046784,6029798.0
d0a17b281c3e4eaef6718d891e38cb42,0.34,1.1333333333333333,0.9666666666666667,1.2,1.0,0.874877393442623,63,50,61,61,0.8852459016393442,34313.33152173913,6313653.0
9acf1b76f369030270de8f98f84d6707,0.5939,1.5,1.0,1.2,1.0,0.789361275862069,13,40,58,58,0.8103448275862069,47193.6796875,6040791.0
d29af1fd577b037033dd1149e816d521,0.92,3.5,1.0,1.1,1.0,0.4526692033333333,111,40,120,120,0.55,17360.662857142856,6076232.0
89ea5cb67579289ce2b6a46c42e30424,0.7759999999999999,14.533333333333333,0.9333333333333333,11.35,0.9,0.3293644485799701,300,50,669,669,0.7055306427503737,3699.1655467318265,6055534.0
e4191d610537305de1d294adb121b513,0.7661,5.0,1.0,1.5,1.0,0.45095759065934066,109,50,182,182,0.6373626373626373,12992.665254237289,6132538.0
380714d486fbd50c0c9dfc7e4d8be9f7,0.0,,,,,0.5842994591836734,56,39,98,98,0.6836734693877551,24135.147410358564,6057922.0
f892447540d0e840049183faa3109b1b,0.361,3.033333333333333,0.9666666666666667,2.3,1.0,0.5983303216783217,96,50,143,143,0.7552447552447552,16311.981627296587,6214865.0
8425bc94a44e3d1bb3c8c026b2702c00,0.5760000000000001,9.9,0.7666666666666667,7.5,0.7,0.3091403699481865,453,40,386,386,0.49222797927461137,5036.471405228758,6164641.0
717fb24cc33821afb4bcd529696cdfce,0.88,5.0,0.7666666666666667,4.5,0.55,0.3540776858921162,265,50,241,241,0.5726141078838174,8097.272117962467,6040565.0
5364de2e6064f4d8a13c960b970b9f24,0.7111,5.9,0.9333333333333333,3.15,0.9,0.43573556099585065,176,50,241,241,0.6721991701244814,8940.141552511415,5873673.0
9dbffba2a03b29811719318b20070b4a,0.7617,3.066666666666667,0.9666666666666667,2.55,1.0,0.5704397884353741,63,50,147,147,0.7142857142857143,16645.31179775281,5925731.0
231d831a778dc5cb0bd16b330a547cba,0.48,8.9,1.0,1.6111111111111112,1.0,0.2771353511705686,915,48,299,299,0.3612040133779264,4191.766534391534,6337951.0
d07d8b37dae3d7092c9f0c88945f0b6e,0.7983,5.769230769230769,0.6153846153846154,,,0.3510645866666667,69,13,75,75,0.5333333333333333,4743.1100917431195,1033998.0
bfe6c14c945256de12a6add92c83b4d9,0.6688,2.923076923076923,0.7307692307692307,1.8125,0.875,0.4583226476190476,88,42,105,105,0.580952380952381,20415.80808080808,6063495.0
6a6caa12c63ac1c2f2b7d967b512887d,0.0,,,,,0.3377926086956522,21,9,23,23,0.391304347826087,39769.878787878784,2624812.0
2225c699a36afb253a69074cad850b00,0.7726999999999999,5.933333333333334,1.0,8.2,1.0,0.3793262262295082,272,45,305,305,0.6032786885245902,6554.253121452894,5774297.0
8a6cb96eabdd2be1fe1e8bf4043d385f,0.86,7.633333333333334,0.9666666666666667,4.0,0.9411764705882353,0.36753495599999997,206,47,300,300,0.5866666666666667,7226.003726708074,5816933.0
1aaa7438a59157a0f21ad30dda4d4088,0.5,1.8666666666666667,1.0,1.25,1.0,0.7074224105263158,71,50,95,95,0.7263157894736842,23251.603846153845,6045417.0
ccf4769973f7658ac976a063527c4292,0.825,2.2,0.9666666666666667,1.6,1.0,0.6773507448979592,36,50,98,98,0.7653061224489796,26219.95238095238,6056809.0
a0cce36de7a1457b6802255fcec69081,0.5821000000000001,3.8333333333333335,1.0,2.7,1.0,0.4404046964912281,118,50,171,171,0.543859649122807,13732.518518518518,6303226.0
cd2018beeece5fb0a71a96308e567bde,0.4979,7.266666666666667,0.7333333333333333,3.15,0.8,0.24520262897526499,485,50,283,283,0.3498233215547703,5412.541904761904,5683169.0
b36fd154dd0df788b77b7cfe39200ba3,0.8172,3.9,0.9,2.9,1.0,0.4376821127777778,203,50,180,180,0.5277777777777778,10635.02491103203,5976884.0
51b2e138a07e3570fb7147311365a5eb,0.6344,5.0344827586206895,0.9310344827586207,5.6,0.95,0.35223050536398465,221,49,261,261,0.5517241379310345,8177.675202156334,6067835.0
33edf41c0becd0d57c35c4e27276617b,0.7272,5.136363636363637,0.8636363636363636,4.428571428571429,1.0,0.2987749791666667,301,29,144,144,0.375,10280.552721088436,6044965.0
08fcb5ead4e963a6f0bbdbc971f4a3ee,0.81,6.620689655172414,0.6896551724137931,5.85,0.75,0.3204879870967742,191,49,310,310,0.603225806451613,7450.040740740741,6034533.0
3131a4cd22542b79134fe80f69f5b6ca,0.6412,2.066666666666667,1.0,1.1,1.0,0.6663918095238095,59,50,84,84,0.6904761904761905,26509.588495575223,5991167.0
8be57c24680317c02843631b253179d8,0.6364,7.266666666666667,0.9333333333333333,4.0,0.8888888888888888,0.327368393814433,287,48,291,291,0.4570446735395189,6972.389400921659,6052034.0
d14220ee66aeec73c49038385428ec4c,0.4522,1.5172413793103448,0.896551724137931,,,0.7130809777777778,25,29,45,45,0.7777777777777778,21199.48245614035,2416741.0
085d5d1e61effabc440d74ac51b91d87,0.94,3.1333333333333333,1.0,3.7,0.95,0.4848191095238095,74,50,168,168,0.7440476190476191,14763.882640586797,6038428.0
c5f79d384b8024d5adddb872f9651f38,0.415,3.56,0.8,3.5,0.5,0.35545374489795917,142,27,98,98,0.42857142857142855,10948.548961424332,3689661.0
0aaf61723a352ba7ea1be4502df85765,0.6405,8.633333333333333,0.8333333333333334,3.4,0.95,0.34641335632530124,275,50,332,332,0.49698795180722893,6660.321961620469,6247382.0
18d3284f148b6cb726b412b7059223ff,0.9,7.533333333333333,0.9666666666666667,5.05,1.0,0.3701445305637982,161,50,337,337,0.6646884272997032,7337.687050359712,6119631.0
df438e5206f31600e6ae4af72f2725f1,0.6061,1.9090909090909092,0.8181818181818182,3.5,0.8,0.4998918688311689,44,32,77,77,0.6623376623376623,20577.964467005077,4053859.0
8f48863757fe83ca146cbf93e37b1ab7,0.34,7.142857142857143,0.14285714285714285,1.6875,0.875,0.28996658227848104,138,23,79,79,0.3924050632911392,20853.454237288137,6151769.0
a70a600d7c593ca50cc6639cd64ed71a,0.76,4.481481481481482,0.8888888888888888,4.7,0.8,0.4185521918604651,109,37,172,172,0.5697674418604651,9278.798672566372,4194017.0
4129304d04cff4cb688585ffd88c45fd,0.8,2.7857142857142856,0.8928571428571429,5.25,0.6,0.33915262896174864,148,48,183,183,0.5409836065573771,11798.787524366471,6052778.0
6412121cbb2dc2cb9e460cfee7046be2,0.7817000000000001,2.8636363636363638,0.7272727272727273,4.684210526315789,0.3684210526315789,0.37578387843137256,66,41,153,153,0.6928104575163399,16323.652291105122,6056075.0
def130d0b67eb38b7a8f4e7121ed432c,0.85,2.3333333333333335,1.0,2.4,1.0,0.5423752361344537,86,50,119,119,0.6302521008403361,18726.003095975233,6048499.0
7d3f2fed7faf3501554970cd3c0d724e,0.88,4.066666666666666,1.0,3.45,1.0,0.4367392292929293,238,50,198,198,0.6161616161616161,9564.878357030017,6054568.0
04c32d4d95425f73b3a1d6502aed4d48,0.706,10.566666666666666,1.0,4.95,1.0,0.3392231368298368,388,50,429,429,0.5594405594405595,4733.970281124498,5893793.0
fda6baab618b39821b678bd52ff26428,0.86,6.758620689655173,0.6551724137931034,8.9,1.0,0.3425506971929825,247,39,285,285,0.5754385964912281,7441.746323529412,6072465.0
33192f6b62911c61d4073ef0f9923420,0.63,2.5,0.9285714285714286,2.45,1.0,0.5584812831932773,105,48,119,119,0.680672268907563,17728.66081871345,6063202.0
11d8ffa1c1cb79e22b6d94667d3847d9,0.4703,4.566666666666666,0.8666666666666667,3.85,1.0,0.4200121359813084,205,50,214,214,0.6214953271028038,9377.533227848102,5926601.0
0503bf609757acf2e75aa8cbc0d8323b,0.7617,2.9047619047619047,1.0,2.3,1.0,0.5461016705882352,78,31,85,85,0.6235294117647059,15825.781376518218,3908968.0
58426cf937eb05143f82b6d41e8968bd,0.58,2.466666666666667,1.0,1.55,1.0,0.591512724137931,82,50,116,116,0.6206896551724138,18780.90734824281,5878424.0
7dd21654ce1c39ec7632d219e8e71f11,0.46,1.4333333333333333,1.0,1.45,1.0,0.7421004520547945,157,50,73,73,0.7534246575342466,20019.6059602649,6045921.0
71ffa17407d66e134442eebb32d330ec,0.98,5.2,1.0,3.45,0.9,0.4948170047826087,85,50,230,230,0.7434782608695653,10912.816176470587,5936572.0
62ef6dc6cdbfc1c60305b7d3d9a420a6,0.5783,1.6333333333333333,0.9666666666666667,2.1875,0.9375,0.6256433655913978,83,46,93,93,0.6666666666666666,22509.44776119403,6032532.0
b083c8db8880429bba105c048a7ea1b6,0.3717,2.8214285714285716,0.8928571428571429,1.95,0.85,0.5113817424242425,169,48,132,132,0.6136363636363636,14006.93287037037,6050995.0
4c4f120e57ea9448ccb7a07c48df40ff,0.5144,2.8461538461538463,0.9230769230769231,5.85,1.0,0.2966681753246753,146,33,154,154,0.38311688311688313,13345.390728476821,6045462.0
319e33a217f7368ff7ceef7731ccf024,0.8522,4.033333333333333,0.9666666666666667,2.35,1.0,0.42603791999999996,179,50,175,175,0.5257142857142857,11469.526515151516,6055910.0
c876914f82ce54cb533b186afd41166e,0.3704,1.3,0.9333333333333333,1.45,0.95,0.7460521764705882,60,50,68,68,0.7647058823529411,30883.4358974359,6022270.0
fc75d7ec538864978b5833d6a675c768,0.2806,2.933333333333333,0.5333333333333333,,,0.49123645454545456,36,15,44,44,0.6363636363636364,19610.341463414636,2412072.0
a4546d484e137a6c92e317daae0e7131,0.8567,9.2,0.9,5.55,0.9,0.32672642094594595,184,40,296,296,0.5540540540540541,6633.645161290323,5141075.0
9bc99c590be3511b8d53741684ef574c,0.6522,1.3,0.9666666666666667,1.7,1.0,0.7306837176470589,67,50,85,85,0.7529411764705882,25614.008474576272,6044906.0
e875a3ad4f52e44482240713d709930e,0.42,1.6,0.9,1.2,1.0,0.7226288032786885,30,40,61,61,0.7540983606557377,40076.403973509936,6051537.0
356fbc3c3158bc7a5932461b635064a2,0.5728,6.533333333333333,1.0,5.071428571428571,1.0,0.47957407256317686,133,44,277,277,0.6787003610108303,8891.867346938776,6099821.0
1d4db1fbfe9d6377c9226ff1e48b90ce,0.4757,3.7777777777777777,0.8518518518518519,1.2,1.0,0.5907966713414634,84,47,164,164,0.7317073170731707,14707.05109489051,6044598.0
d99fa3a9dd5df426e62b19597322920a,0.3677,3.5,0.9,1.5,1.0,0.6115893960396039,51,36,101,101,0.7227722772277227,24040.781746031746,6058277.0
8ae7398026ed8f2172aefd6cbc856bc8,0.596,2.533333333333333,1.0,1.7222222222222223,1.0,0.5616767987804878,223,48,164,164,0.5914634146341463,11406.1,6273355.0
65a99bb7a3115fdede20da98b08a370f,0.5951,2.8095238095238093,1.0,1.75,1.0,0.5755926435643564,47,41,101,101,0.6732673267326733,24463.649193548386,6066985.0
787e8665307884350308429f4fc60451,0.7383,6.0,0.9,5.0,1.0,0.43178402227074236,127,39,229,229,0.6768558951965066,6832.04794520548,3989916.0
13dfe127c6d40641c7ad9fd60ef8701d,0.44,3.4,1.0,1.85,1.0,0.40714190714285714,253,50,140,140,0.42857142857142855,11846.195488721805,6302176.0
a65eb348fb03103dcd48530b52b996a7,0.82,3.1666666666666665,1.0,3.55,1.0,0.5394476931818182,117,50,176,176,0.6193181818181818,13643.042735042734,6384944.0
266c430a5f40c90947ba9db582a37f54,0.6711,3.1666666666666665,1.0,2.1,0.95,0.4354523623188406,113,50,138,138,0.4782608695652174,16257.469072164948,6307898.0
70cf1f7eb14c9f52277f07e84a2775f3,0.7417,4.0,1.0,4.1,0.9,0.5589991415841584,203,50,202,202,0.7772277227722773,10154.455445544554,6153600.0
91109a77036a730296d6305a9794fa13,0.9,5.833333333333333,0.9666666666666667,5.85,0.95,0.34622872482993194,441,50,294,294,0.5850340136054422,5738.84046692607,5899528.0
f812291e86e5d515984dc44cf9d41ac3,0.0,,,,,0.3148461846153846,226,32,286,286,0.5174825174825175,7167.411543287328,5712427.0
0a7ff96e4fa7c92a13ccab013d580930,0.34,2.4,0.9666666666666667,1.5,1.0,0.5871458275862069,244,40,87,87,0.6551724137931034,9744.20143884892,4063332.0
eb6dc8aba23375061b6f07b137617096,0.3594,1.4333333333333333,1.0,1.4,1.0,0.7358121369863014,11,50,73,73,0.8767123287671232,36561.230769230766,5703552.0
b9e255d57bdc3d30828bfd835b86749c,0.45,1.6666666666666667,0.8666666666666667,1.15,1.0,0.6625992876712329,86,50,73,73,0.6712328767123288,26073.64935064935,6023013.0
96fe1255e032940e2739e06072855b95,0.64,2.3666666666666667,1.0,2.4,1.0,0.5740462083333333,44,50,120,120,0.8,20460.56183745583,5790339.0
b0eec27361a2a03d4480b560df531df7,0.8006,3.45,1.0,3.2222222222222223,0.7777777777777778,0.5145066846938776,64,29,98,98,0.7142857142857143,23360.18532818533,6050288.0
90c5841cb33b6ffdf75850044c595725,0.0,,,,,0.42413521011235955,37,20,89,89,0.6292134831460674,11365.476635514018,2432212.0
eb6bdd281dfc2688a42174679b8e5bbd,0.88,4.0,1.0,3.45,1.0,0.503185146031746,132,50,189,189,0.6613756613756614,11412.95677799607,5809195.0
2e0a791950a53842e60d83295368cdff,0.88,2.689655172413793,1.0,3.1,0.9,0.6365200381818181,64,39,110,110,0.8363636363636363,14251.042402826855,4033045.0
effbafd134873f47f49c740581fb1854,0.88,2.966666666666667,0.9666666666666667,2.65,1.0,0.4996940845070422,132,50,142,142,0.5915492957746479,13919.038554216868,5776401.0
f2a58d530f82792e08c9ffb0e7f0ee1f,0.89,3.7,1.0,1.55,1.0,0.5856779047619047,45,40,105,105,0.6952380952380952,23533.909448818897,5977613.0
67baaa05759c5f8da208f540ff782a5f,0.9,2.3333333333333335,1.0,4.0,1.0,0.635627565625,8,13,32,32,0.78125,39945.957746478874,2836163.0
2f0f2f6da6992b9ca06b907a9e803296,0.54,2.2857142857142856,1.0,1.2,0.95,0.6241545666666667,139,48,90,90,0.6555555555555556,18182.389937106916,5782000.0
ccd44234c58cba8173f8ae706a0fce24,0.5961,3.6,0.95,2.9,1.0,0.4771604035971223,125,40,139,139,0.6474820143884892,12950.253731343284,5206002.0
37b1fe960daba91fffadbdb5a3a9db15,0.6017,8.125,0.6666666666666666,5.470588235294118,0.5294117647058824,0.3329200730103806,151,41,289,289,0.6332179930795848,8335.59478021978,6068313.0
54d0ad877584296abb129e2e4f60ee67,0.6684,5.766666666666667,1.0,1.3,1.0,0.4638506679425838,177,50,209,209,0.569377990430622,10214.688552188552,6067525.0
2caad38a4e3a8f3f61537412ef7aa439,0.5417000000000001,3.8,1.0,2.2,1.0,0.498000186259542,100,40,131,131,0.5877862595419847,16789.916897506926,6061160.0
988d51eda1be1cd7bcd704d83b0391f9,0.83,4.366666666666666,0.9666666666666667,3.3,1.0,0.4668127454545455,92,50,198,198,0.702020202020202,12566.40862422998,6119841.0
a7ce4026f43a4491f1284bb38d96f440,0.24,1.0344827586206897,0.9655172413793104,1.2,1.0,0.9284436511627907,3,39,43,43,0.9302325581395349,45802.045454545456,4030580.0
804a73df74595024fef5c7082428a668,0.5529,2.7666666666666666,1.0,2.7,1.0,0.5264398633093524,111,50,139,139,0.6906474820143885,15127.780927835052,5869579.0
0ee7e71061cf860ccf3b29c6823c7971,0.94,7.3,0.95,6.1,1.0,0.3300589605769231,208,30,208,208,0.625,10157.642054574639,6328211.0
c5383525e91474a4e5d7dcfee92c054f,0.8332999999999999,7.066666666666666,0.9666666666666667,5.8,1.0,0.40639240182370817,131,50,329,329,0.7629179331306991,7802.950507614213,6148725.0
3ab9a9924133b76cdd88db6e7b2734da,0.0,,,,,0.4252989705882353,29,10,34,34,0.47058823529411764,493.40625,47367.0
b57532bada44706da665a55d2ce2011e,0.6964,2.566666666666667,0.9666666666666667,1.2777777777777777,0.9444444444444444,0.53697499,134,48,100,100,0.58,18178.15015015015,6053324.0
184264bf0c886f2ee3198ff54561c51d,0.6767,5.793103448275862,0.9310344827586207,5.368421052631579,0.8947368421052632,0.4371194763837638,171,48,271,271,0.6605166051660517,8635.032303370786,6148143.0
61d584107d2d965b4bc26d8c9958b518,0.38,15.5,0.0,5.0,0.0,0.013976943283582089,163,5,67,67,0.13432835820895522,12518.266891891892,3705407.0
1c7836dbabd12c458d20e3b35633733a,0.36,4.071428571428571,0.9642857142857143,2.2666666666666666,0.7333333333333333,0.5701283285106383,128,43,235,235,0.6425531914893617,10131.837520938023,6048707.0
e8cb5f581442030021d62fd780fa674d,0.9,5.733333333333333,1.0,3.8,1.0,0.40740512196078427,264,50,255,255,0.5647058823529412,7350.759379042691,5682137.0
5dc624e80d9ab94e3229ec29f675c19d,0.4329,3.2333333333333334,0.9333333333333333,1.6,1.0,0.49863029541984727,103,50,131,131,0.5725190839694656,15923.956043956045,5796320.0
2d0122e6c17cdb89f8eed4d75b5f5eef,0.82,5.586206896551724,0.7931034482758621,6.85,0.75,0.4074722284768212,113,49,302,302,0.7516556291390728,8572.275139664804,6137749.0
a64a1476544db9bd76a6d1f024a3a8c6,0.7240000000000001,2.6,1.0,2.3,1.0,0.4781215114503817,204,50,262,262,0.5343511450381679,8586.515818431912,6242397.0
a64a1476544db9bd76a6d1f024a3a8c6,0.7240000000000001,2.6,1.0,2.3,1.0,0.4781215114503817,204,50,262,262,0.5343511450381679,8586.515818431912,6242397.0
0e2cb039638d9ab503d33105ed343d7e,0.8,6.266666666666667,1.0,5.8,1.0,0.31268681609907123,372,50,323,323,0.43962848297213625,5679.294985250737,5775843.0
e5815151957be36ad2085b7a1a02c5cc,0.64,11.411764705882353,0.5882352941176471,8.777777777777779,1.0,0.23789670215827338,368,26,278,278,0.45323741007194246,3657.4171180931744,3375796.0
785cf0a5def4977e0210f07e0f925fa1,0.94,7.444444444444445,0.6666666666666666,5.105263157894737,0.5789473684210527,0.28790414085365856,131,28,164,164,0.5060975609756098,11152.93231441048,5108043.0
cbd7fb1bba4de3486f76147a75f3ec89,0.53,5.766666666666667,0.8,7.0,0.8,0.271254558436214,284,40,243,243,0.43209876543209874,5277.621586475942,4058491.0
bcbf5e0ae48ef7e5439863381d1a69bf,0.82,10.966666666666667,1.0,10.1,1.0,0.38651644521575984,488,50,533,533,0.6228893058161351,3878.099162910496,6022688.0
07d34e2419c61216a85a2156b2cf8ae4,0.5817,2.6,1.0,3.4,1.0,0.4614453109589041,107,50,146,146,0.547945205479452,15578.10552763819,6200086.0
60bba73587de9c81e7eb9a508ef928b7,0.71,4.217391304347826,0.9130434782608695,3.7,1.0,0.5083131895348838,68,43,172,172,0.7325581395348837,14883.01703163017,6116920.0
63ea3fef646010a7255aec506626ea32,0.4,2.6333333333333333,1.0,1.2352941176470589,1.0,0.5476386442307692,160,47,104,104,0.5769230769230769,17176.42234332425,6303747.0
8db66f2fc805310b86589bd1aeaa2cd7,0.6414,3.782608695652174,0.8695652173913043,1.8,0.9,0.526727185483871,66,43,124,124,0.5967741935483871,19351.492012779552,6057017.0
c310d9645160ce5cc084d231d24d20e5,0.6429,1.6333333333333333,0.9333333333333333,2.65,0.95,0.5058888857142857,101,50,105,105,0.638095238095238,19503.51935483871,6046091.0
8072f405471d085d0f9fec9e49f6790c,0.5817,8.344827586206897,0.6551724137931034,5.368421052631579,0.5789473684210527,0.24666473691860466,470,48,344,344,0.4418604651162791,5251.0726015557475,6075491.0
d77314b5c23c087d9b5ed587e88800d2,0.9,4.533333333333333,1.0,4.9,1.0,0.46826194435146445,116,50,239,239,0.6527196652719666,9677.627318718382,5738833.0
51cdbd2611e844ece5d80878eb770436,0.8382999999999999,1.3666666666666667,1.0,1.3,1.0,0.7621107205882353,90,50,68,68,0.7647058823529411,26808.617777777778,6031939.0
44e55ed981c434536b85d307e6215b26,0.5893,11.833333333333334,0.9166666666666666,13.0,0.6666666666666666,0.381577568852459,137,15,183,183,0.6885245901639344,10131.38844621514,5085957.0
3b661d671740495716434a3ba797c6f2,0.904,5.566666666666666,0.8,4.55,0.95,0.42568627325581393,163,50,258,258,0.686046511627907,8936.56784660767,6058993.0
4204dc3a11678c6b1d0be57cfe0a21b0,0.7,4.433333333333334,1.0,2.9,1.0,0.46528071340206184,95,50,194,194,0.6701030927835051,13007.61825726141,6269672.0
8497c3b1d034ce7aaf059804b5c88db6,0.82,14.523809523809524,0.9523809523809523,5.0,1.0,0.29928474878048783,525,41,410,410,0.47804878048780486,4232.523065476191,5688511.0
306b0c0a95972617146049ce1a9a1613,0.7103,1.6,1.0,1.1176470588235294,0.9411764705882353,0.7649785769230769,53,37,52,52,0.7884615384615384,37011.1858974359,5773745.0
5b3a93d103a66345e5d404c61c5b5081,0.32,3.5,0.9,4.1,0.9,0.31127339473684207,90,20,76,76,0.3815789473684211,6884.576763485477,1659183.0
7fa2c598be3498baead8d1d2c4485ab9,0.5,2.1666666666666665,1.0,1.4,1.0,0.596437275862069,175,40,87,87,0.6436781609195402,17687.362068965518,6155202.0
36fb4d8a9e7e1c0953cd80bbac2e50f0,0.34,5.611111111111111,0.05555555555555555,4.866666666666666,0.6,0.14422924195402298,206,33,174,174,0.3505747126436782,11151.128390596745,6166574.0
c5fe17b7a8d023ade2bbb05e574eef78,0.5489,8.0,0.7666666666666667,6.8,0.7,0.3698238481012658,248,40,316,316,0.6044303797468354,6988.937428896474,6143276.0
14b094aef5d2df47fa9dd009b2d6ecb1,0.71,1.9666666666666666,1.0,1.0,1.0,0.7207519428571428,44,40,70,70,0.7428571428571429,33065.54098360656,6050994.0
c5b86fa907b96e38e377ddfe82802cc6,0.6944,3.8666666666666667,0.6666666666666666,4.111111111111111,0.5555555555555556,0.3830819642105263,107,48,190,190,0.6421052631578947,12633.053497942386,6139664.0
55f04ea8d0761b7aff9d21f23ebcbfef,0.6864,6.766666666666667,0.7,5.666666666666667,0.2222222222222222,0.30995860941176473,289,39,255,255,0.5411764705882353,7590.205513784461,6056984.0
97103cdf7b277304a7ceebd83c64fba1,0.69,3.4444444444444446,0.8148148148148148,5.3,1.0,0.3322619555,201,47,200,200,0.565,10120.168333333333,6072101.0
735dd629ab696e3a1bfcc0fe0d687bb1,0.54,4.033333333333333,1.0,1.3,1.0,0.5911290266666667,77,50,150,150,0.7533333333333333,15151.462765957447,5696950.0
8ef897e468650c19f3f31529712fc500,0.6117,6.633333333333334,1.0,3.35,1.0,0.4222009366300366,160,50,273,273,0.6666666666666666,8583.197163120567,6051154.0
58fe2003170159fd68519b7f9840fdb2,0.5531,4.9,1.0,3.95,0.85,0.327869435840708,289,50,226,226,0.4690265486725664,8399.278378378378,6215466.0
8c9ffefacf5fdeb898460f35ce928ad0,0.0,,,,,0.0,67,2,35,35,0.0,18.985294117647058,2582.0
6f7bc4baeb295716fa1dbbf64887fcff,0.94,5.666666666666667,0.9,3.95,0.7,0.4877368052,56,50,250,250,0.82,10929.333333333334,6065780.0
9a4b930f7a36153ca68fdf211c8836a7,0.68,9.766666666666667,0.8,6.0,0.75,0.25116008920187793,527,50,426,426,0.3967136150234742,4472.088534107402,6162538.0
2f093e72fa038b855c80131ec3fba75c,0.88,6.9,1.0,6.35,0.9,0.36399115253731346,346,50,335,335,0.591044776119403,6024.596059113301,6114965.0
76a271c64a315732aa56eeb7277a63d4,0.96,3.7333333333333334,1.0,3.2,1.0,0.5174278252747253,79,50,182,182,0.7417582417582418,13516.282805429864,5974197.0
235fba44e32ba4dd3a3f72db1a8a6846,0.0,,,,,0.7966485,3,10,16,16,0.875,35.294117647058826,1200.0
06d801cb636235b298c40029ad9921e7,0.88,7.4,1.0,2.2,1.0,0.36828990673575135,312,40,193,193,0.47668393782383417,8628.812051649928,6014282.0
60c4a88bac6125d490af523a8c94e5e1,0.4,3.0,1.0,,,0.3734265333333333,21,10,30,30,0.43333333333333335,419.725,33578.0
0573589c2b18bae3fa72e2082e7fb2ae,0.0,,,,,0.28308258712871287,352,30,404,404,0.6485148514851485,3516.4840379637617,4075605.0
a3d2924150c8fc0c437925e9bc080941,0.426,3.45,0.85,1.1,1.0,0.44041235,198,30,80,80,0.525,11419.711484593838,4076837.0
43a87a86ea9aee0255325e2865d6b503,0.67,6.833333333333333,1.0,5.470588235294118,1.0,0.39126142850356294,783,47,421,421,0.4584323040380047,3571.98460591133,5800903.0
65a2e5f265ac3d8ee8e39ff5d2bb3f96,0.0,,,,,0.47087542027027024,70,30,74,74,0.5,11179.599078341014,2425973.0
2053816a7f21edb8c302ed31b0bafa1f,0.42,1.9,0.4,,,0.4689991052631579,17,10,19,19,0.5789473684210527,39.53703703703704,2135.0
8cb1f62625edb0977782ad3930d7d239,0.6028,2.0,1.0,1.2777777777777777,1.0,0.6460195357142857,79,48,84,84,0.6904761904761905,23172.97154471545,5700551.0
088d6dc6ddb3113e9b902711ccdfafef,0.29,2.2333333333333334,1.0,2.1,0.95,0.48903014545454543,109,50,110,110,0.5272727272727272,18747.384146341465,6149142.0
5dae854cd11d11715c91b6ce80f46b7c,0.92,8.733333333333333,0.9,3.9444444444444446,0.6666666666666666,0.38687132455089823,119,48,334,334,0.7634730538922155,7706.2162849872775,6057086.0
8a1df180ea2c0d298aa1d739fe720a0c,0.5,6.318181818181818,0.8636363636363636,2.5625,0.9375,0.3110770944444444,300,38,180,180,0.4111111111111111,9210.98937784522,6070042.0
17737832ac17be5216f187a82c20936e,0.535,7.133333333333334,0.3333333333333333,3.8125,0.0625,0.4029300163043478,92,46,276,276,0.7391304347826086,9133.362363919128,5872752.0
3abb5691502cbd522511147519f8a487,0.5017,3.1666666666666665,0.8666666666666667,1.95,1.0,0.43008220588235296,207,50,136,136,0.5,12687.717573221757,6064729.0
625d2d3101c23c47a46984741c232fed,0.4804,1.4,1.0,1.65,0.95,0.6763241466666666,44,50,75,75,0.6933333333333334,31785.61658031088,6134624.0
4d410063822cd9be28f86701c0bc3a31,0.42,11.277777777777779,1.0,3.142857142857143,1.0,0.29608457936507937,288,32,252,252,0.376984126984127,7977.596713021492,6310279.0
8cad09283d1d6c5fb08daec8a576a72d,0.31,1.15,1.0,1.2,1.0,0.8571428571428571,7,30,35,35,0.8571428571428571,53338.09210526316,4053695.0
b569502f473b890f9fcfc45b8a227baa,0.52,1.9666666666666666,1.0,1.75,1.0,0.7045113402061856,42,50,97,97,0.7628865979381443,24277.340425531915,5705175.0
7d95c1c55d84afc81845d9fb25c0cc0c,0.6144,2.2333333333333334,1.0,2.35,0.95,0.5593371521739131,70,50,115,115,0.6782608695652174,20503.71237458194,6130610.0
a9db15913897019149a2807337f4a0f8,0.36,2.2,1.0,1.5,1.0,0.5701934479166667,105,50,96,96,0.59375,19842.608108108107,5873412.0
7caf725460a122ea49d40b9e770f451b,0.0,,,,,0.38662551648351645,76,30,91,91,0.4725274725274725,9726.926070038911,2499820.0
7f52d05b03fa31d9fff9b51349efeef4,0.7979999999999999,4.3,0.9,3.05,1.0,0.4971701431472081,134,50,197,197,0.6751269035532995,11462.557874762808,6040768.0
246e28f16369b577bd206cfa3b36295c,0.0,,,,,0.5758075670103092,275,50,97,97,0.5876288659793815,12923.286324786324,6048098.0
9313f5e96e48503b676b16e2e0d41455,0.6859999999999999,1.6,1.0,1.3,1.0,0.7213161048780488,35,50,82,82,0.7560975609756098,30492.560606060608,6037527.0
8621cdddd12002436862912970737eda,0.76,3.3,1.0,1.15,1.0,0.5389004919354838,122,50,124,124,0.6048387096774194,16587.71815718157,6120868.0
164f545c22e17e5e9298b1c84b9e3e1e,0.6633,5.2,1.0,4.176470588235294,0.8823529411764706,0.4090920077235773,138,47,246,246,0.5772357723577236,9744.49920508744,6129290.0
dc1913d422398c25c5f0b81cab94cc87,0.762,4.6923076923076925,0.9230769230769231,3.25,1.0,0.43424871176470586,144,46,187,187,0.6149732620320856,11631.891682785299,6013688.0
f827b5406c7aa5b4fe10062ae06a137b,0.92,2.1,1.0,2.75,0.95,0.5171602457627119,102,50,118,118,0.5847457627118644,17987.566765578635,6061810.0
f0935e4cd5920aa6c7c996a5ee53a70f,0.81,2.3,0.95,,,0.6100573304347826,9,20,46,46,0.8043478260869565,10438.36,1043836.0
2258803b6e4f1ef992229c3cef66d75d,0.94,5.533333333333333,0.9666666666666667,5.15,1.0,0.38426030553505536,178,50,271,271,0.5904059040590406,8456.43254520167,6080175.0
6a59767ffedbb0c50130b5f43340d816,0.41,2.4,1.0,1.35,1.0,0.5515775858585859,102,50,99,99,0.6060606060606061,19072.91973244147,5702803.0
630d790d0716246ca1aa250a6f86f755,0.4,3.6333333333333333,1.0,1.4,1.0,0.5977529931034482,313,50,145,145,0.6620689655172414,9862.901993355481,5937467.0
dbc50898cf582dfebd6d7adf4eaf9eb6,0.88,3.75,0.9166666666666666,3.473684210526316,1.0,0.47702085660377364,55,43,159,159,0.6855345911949685,16252.93817204301,6046093.0
dff70232bcd2396f4a6c7bb57dab3e87,0.6661,3.1,0.9333333333333333,2.75,0.6,0.40619125878378376,131,50,148,148,0.5405405405405406,14617.929577464789,6227238.0
793aaa24e931c05d077f434e33485574,0.82,3.7666666666666666,0.8,3.2857142857142856,0.8571428571428571,0.39889051949685533,174,44,159,159,0.610062893081761,12321.54582484725,6049879.0
5a834ec7e9dc45a5fae01dc7497e534f,0.8217,3.066666666666667,0.9666666666666667,3.35,1.0,0.4740438150943396,87,50,159,159,0.710691823899371,14910.836633663366,6023978.0
5a87c42972dfb55ff9cdb144a3ba5cc3,0.8644,5.3,0.8,3.15,0.8,0.403189298206278,104,50,223,223,0.6771300448430493,10978.91985428051,6027427.0
76379ed89eafe43c8f6bd64fd09e3852,0.84,1.6666666666666667,0.9666666666666667,1.6,1.0,0.6427526219512195,90,50,82,82,0.6585365853658537,23201.996047430832,5870105.0
79bb27cfac1ddee3267dcd929f6703ac,0.6144,2.533333333333333,1.0,1.15,1.0,0.61245184,98,50,100,100,0.69,20368.491582491584,6049442.0
16a4d8f9442ec82c5d390079cad8f194,0.6559999999999999,1.8,0.9666666666666667,2.95,1.0,0.5265981379310345,85,50,116,116,0.5775862068965517,19148.5917721519,6050955.0
bfa20d86a59044ef90a4609dde03985c,0.6867,7.214285714285714,0.35714285714285715,5.15,0.4,0.20324073704918033,410,48,305,305,0.39672131147540984,6026.322865554465,6140823.0
a3dfec8b6a89762b454f0b5e660c2e78,0.9,3.4,0.8666666666666667,3.35,0.8,0.47089578165680473,78,50,169,169,0.6745562130177515,14656.134939759037,6082296.0
746206d63610c80c08bdf440226b462a,0.96,6.2,1.0,6.5,0.95,0.40811731446540883,154,50,318,318,0.6666666666666666,7532.918884664132,5943473.0
c2d6b7f8db832c0be60251cf412e35c5,0.85,3.3,1.0,3.3,1.0,0.42683179473684213,86,40,133,133,0.5789473684210527,17223.863247863246,6045576.0
a1d41c14c1d0aa9b9cc1e228d962fe42,0.8017,3.0,0.75,,,0.40399917755102044,21,16,49,49,0.5918367346938775,20577.398305084746,2428133.0
2e09811007f834b96935dc13e91fabbc,0.4067,7.2,0.8333333333333334,3.0,0.9473684210526315,0.41436422913669063,221,49,278,278,0.5467625899280576,7911.942010309278,6139667.0
e620a25ae37b9a8ba0362d5f02343161,0.7633,3.1333333333333333,1.0,1.5,1.0,0.5082674292307692,206,50,130,130,0.5923076923076923,13175.006451612904,6126378.0
8ea9805479ddb07d9183081b059dd0d2,0.7617,5.866666666666666,1.0,6.05,1.0,0.4783054842809365,236,50,299,299,0.7023411371237458,7275.110444177671,6060167.0
66e8d052ec2230c66bd11ee6b5a0e3c8,0.7817000000000001,4.333333333333333,0.6666666666666666,4.6,0.95,0.4417533337837838,131,47,222,222,0.6126126126126126,10539.554006968641,6049704.0
f7822db99574164a13b2d64a8b917105,0.9,4.666666666666667,0.9,3.35,1.0,0.39636954009661834,146,50,207,207,0.5410628019323671,10635.75313059034,5945386.0
f65854da4622c1f1ad4ffeb361d7703c,0.84,1.35,1.0,1.8,1.0,0.6765127142857142,34,40,63,63,0.7142857142857143,38068.96855345912,6052966.0
f417d05af72b37f956c906aea42d1511,0.82,4.620689655172414,0.7241379310344828,6.0,0.4166666666666667,0.2862829359223301,310,41,206,206,0.4174757281553398,8392.497919556172,6050991.0
ef95afafde712120bb708d12b6217a9a,0.6583,10.409090909090908,0.9545454545454546,5.25,1.0,0.31854487514619884,242,42,342,342,0.6198830409356725,6530.264864864865,6040495.0
a382db0a40615cdbe363ae0b4b2eb262,0.7817000000000001,13.3,0.9333333333333333,11.6,1.0,0.32589748652373657,421,50,653,653,0.6477794793261868,3512.8904982618774,6063249.0
547dcee2f9ccacd21cb7a6a758ca8697,0.8083,15.8,1.0,11.35,1.0,0.3845553589986468,520,50,739,739,0.6644113667117727,3034.9444166249373,6060784.0
eebe038e47780c96e2762b5e2003cef7,0.92,5.133333333333334,1.0,4.230769230769231,0.9230769230769231,0.4232972527027027,204,43,222,222,0.6171171171171171,9442.74343122102,6109455.0
cfcfc30e3761dbef9fa08c44799f5ae5,0.0,,,,,0.0,8,1,7,7,0.0,46.904761904761905,985.0
a36d22467b9c3af222b5e231e3b23791,0.8,5.0,1.0,3.3,1.0,0.42923523858921164,410,50,241,241,0.5435684647302904,6703.83164983165,5973114.0
c9bd2d5f2fb6cea41198dc6a2f817331,0.7468,5.1,1.0,2.9,1.0,0.4915135675824176,89,40,182,182,0.6703296703296703,8597.42256637168,3886035.0
762409ca2be073c4a6ca7962d7c72a30,0.76,5.466666666666667,0.9666666666666667,,,0.39018625,307,30,184,184,0.4891304347826087,3618.6216617210684,2438951.0
54ecc28e9508fcf28363014b0d1b4eb8,0.74,4.9,1.0,2.45,1.0,0.48512061751152075,171,50,217,217,0.5852534562211982,10163.127483443708,6138529.0
cf3c6554ad00bedbfcad15f7ea7d5879,0.0,,,,,0.4717474117647059,91,50,119,119,0.5042016806722689,19211.384146341465,6301334.0
036ad3e516c5bf3a4b3be35b137bcbb8,0.772,10.8,1.0,6.1,1.0,0.3244364049212598,482,50,508,508,0.4822834645669291,3768.9251837007346,5642081.0
636b1370d6dfae91f2042eef96c994b1,0.8842,3.2333333333333334,0.9333333333333333,3.3,0.9,0.5778400319018404,45,50,163,163,0.7791411042944786,16069.940540540541,5945878.0
2d66aed7a5328a988f77cbaec59fc047,0.8,5.923076923076923,0.8076923076923077,4.1,0.95,0.325120744117647,262,46,238,238,0.5504201680672269,8214.55223880597,6054125.0
a23f9327866d3bafd064964c9f0fcb6f,0.86,3.2666666666666666,0.9333333333333333,4.166666666666667,0.6666666666666666,0.5290453870967743,94,36,124,124,0.7258064516129032,17916.140762463343,6109404.0
76d0863b5d13a9ed61f7df9149fb93d8,0.7304,10.633333333333333,1.0,7.55,1.0,0.3105537830897704,592,50,479,479,0.511482254697286,3907.420271142673,6052594.0
8ab84c57bf234ea2e3bf8330b47c2db1,0.82,5.533333333333333,1.0,2.85,1.0,0.5054328519148936,112,50,235,235,0.6425531914893617,10412.46643717728,6049643.0
75429d136f65d2d6168b9b6c5f6ec951,0.92,1.0344827586206897,1.0,1.2,0.8,0.8837209302325582,69,39,43,43,0.8837209302325582,39182.71428571428,6034138.0
a45613e8740e38fe7d019d79fbf8712b,0.7733,7.566666666666666,0.9333333333333333,5.7,1.0,0.3987255026239067,217,50,343,343,0.6501457725947521,6615.309312638581,5967009.0
b326a08bb69d28ec5947c8438f12dd66,0.748,4.7,0.9,5.55,0.95,0.4258004023529412,145,50,255,255,0.6666666666666666,9224.073394495414,6032544.0
72fa288df9f22f7167dff80cf89fd4e5,0.0,,,,,0.3344782608695652,118,30,115,115,0.34782608695652173,6648.025936599423,2306865.0
ddeebdeefdb7e7e7a697e1c3e3d8ef54,0.52,3.1333333333333333,1.0,1.3,1.0,0.4371671111111111,86,40,108,108,0.4722222222222222,20422.880398671095,6147287.0
ce6c92303f38d297e263c7180f03d402,0.4,1.1666666666666667,1.0,1.25,1.0,0.8890519344262295,7,50,61,61,0.9016393442622951,47173.703125,6038234.0
946af3555203afdb63e571b873e419f6,0.5817,7.933333333333334,1.0,4.15,1.0,0.43071779415384615,183,50,325,325,0.6461538461538462,7344.227163461538,6110397.0
dbfce512dcdabc6b6e2724b6ec44efda,0.84,3.1,0.95,1.6,1.0,0.5419275154639175,120,40,97,97,0.6494845360824743,15662.897763578274,4902487.0
fc5f86251458722c799d1830fa0c2c1f,0.48,5.933333333333334,0.9666666666666667,3.4,0.9,0.3061963146226415,363,40,212,212,0.4056603773584906,5511.258269720101,4331849.0
17e0ce48c87a8885fe8b82c21cb17ecf,0.5428999999999999,2.7666666666666666,1.0,1.7,1.0,0.4848936916666667,91,50,120,120,0.5083333333333333,18042.348484848484,5953975.0
eeb358fcbf46e89566ad3fe0707820a0,0.6783,2.8333333333333335,1.0,3.2,1.0,0.4653618298780488,156,50,164,164,0.6829268292682927,12489.973084886129,6032657.0
c77409b2f7dabc444a533b98d9381690,0.77,1.2666666666666666,1.0,1.2352941176470589,1.0,0.8122033898305085,36,47,59,59,0.8135593220338984,39455.986928104576,6036766.0
76fb6fb9cbea7011e49166d9d4ddbc48,0.88,2.65,0.9,2.65,0.9,0.4579280046296296,63,40,108,108,0.5925925925925926,22109.84892086331,6146538.0
4479d4f0fe2b922b8ab8875c429c0a72,0.72,2.9047619047619047,0.9523809523809523,1.7,1.0,0.5252313987179488,70,31,78,78,0.6153846153846154,27345.013333333332,6152628.0
790ed1befbc24b257db60ed066b6d3cb,0.4717,7.666666666666667,0.9666666666666667,4.7,0.7,0.3996711053003533,239,40,283,283,0.6325088339222615,7545.644278606966,6066698.0
74249bfb363306265299ac4ec44d3cb6,0.81,3.25,0.5,4.25,0.625,0.3939740426229508,50,16,61,61,0.6229508196721312,21243.25730994152,3632597.0
3574cbb1010b32b07dd7f645153ee35c,0.0,,,,,0.30709405147058827,58,10,68,68,0.4411764705882353,23.10362694300518,4459.0
48090e338b20a9d004c2ef18a335f3cf,0.84,2.3,1.0,2.5,1.0,0.48527391000000003,144,40,100,100,0.52,16461.41690962099,5646266.0
279dc09a13b9dc662c574a804d650d95,0.8644,4.8,1.0,3.85,1.0,0.5176192505226481,124,50,287,287,0.6724738675958188,8639.380200860833,6021648.0
5a20abd7831fa1ebd199086e4a69a49a,0.9,9.333333333333334,1.0,6.571428571428571,1.0,0.3359168400530504,459,44,377,377,0.5941644562334217,5192.552805280528,6293374.0
a52fd55f42010405991a333187181f7e,0.6128,3.7666666666666666,1.0,2.45,1.0,0.43122658720930235,114,50,172,172,0.5290697674418605,13239.87089715536,6050621.0
b5bd9ec2c8ff3cb0c9f606c1a59ec4b9,0.8717,4.15,0.95,3.9,0.95,0.5768188354037267,46,40,161,161,0.7950310559006211,16683.26158038147,6122757.0
e1f9b39289e1893622852cf8de6e14db,0.92,3.0,1.0,3.0,1.0,0.5344125448051948,57,50,154,154,0.7077922077922078,16918.876373626375,6158471.0
d169e16da608a6a8d61bc64a2d333e8a,0.7111,5.8,0.9333333333333333,2.8,1.0,0.31427960851063824,341,50,235,235,0.451063829787234,7532.074074074074,6100980.0
a0340694826ab06bae7fe3167683c669,0.66,1.7,1.0,,,0.5882352941176471,9,10,17,17,0.5882352941176471,37.76190476190476,1586.0
646e69d6e105d351e4e31a2e02a69b0e,0.611,4.4,1.0,2.75,0.95,0.4988303682170543,242,50,258,258,0.5930232558139535,7773.89035667107,5884835.0
51ef70624ca791283ec434a52da0d4e2,0.7429000000000001,14.333333333333334,0.8666666666666667,8.3,0.9,0.33204347301349324,638,50,667,667,0.4947526236881559,3090.740233384069,6091849.0
238f646b998ed51f3d0c612d5a373414,0.22,2.1333333333333333,1.0,1.6,1.0,0.5714194,188,40,85,85,0.611764705882353,11222.778711484594,4006532.0
f78a3fbff320d57c670af3fcdafebc7e,0.5535,6.433333333333334,0.7333333333333333,4.8,0.8,0.3029708710344827,225,50,290,290,0.4862068965517241,7516.134328358209,6042972.0
64f9f403cbe1b6f341975cfa85484349,0.88,3.3666666666666667,1.0,4.1,1.0,0.4772011978378378,97,50,185,185,0.6756756756756757,13002.950643776823,6059375.0
2677c94cc946bd788a3828099d6bcd49,0.74,6.1,1.0,3.85,1.0,0.3719714812977099,209,50,262,262,0.5152671755725191,7795.685792349726,5706442.0
8171ac2c5544a5cb54ac0f38bf477af4,0.46,4.4,0.9666666666666667,2.4166666666666665,1.0,0.4332770166666667,117,42,162,162,0.5246913580246914,13703.111363636364,6029369.0
8d4e7eab99697d70f46a556ec9f8f966,0.0,,,,,0.8,27,20,25,25,0.8,32038.907894736843,2434957.0
2e945b99f24f789d68d85ee332131c93,0.5932999999999999,4.2,1.0,2.25,1.0,0.4095876982456141,159,50,171,171,0.49707602339181284,11927.252,5963626.0
115c51eb37365df2d4f4e2482b964822,0.66,1.3793103448275863,0.9655172413793104,1.1,1.0,0.8057837647058823,76,39,51,51,0.8235294117647058,22944.689265536723,4061210.0
93819e80e5e3693840fa1f2c327b51b5,0.71,3.066666666666667,0.9333333333333333,5.0,0.95,0.4307776271794872,130,50,195,195,0.6820512820512821,11168.608863198458,5796508.0
1f30c0ce8636ff2c424549971dcab5d8,0.5943999999999999,1.6666666666666667,1.0,1.95,1.0,0.6510193595505618,90,50,89,89,0.7078651685393258,22758.45692883895,6076508.0
c27181a18d3b30d14d66a1a56c068548,0.765,4.833333333333333,0.8333333333333334,3.9,0.9,0.43547818430493274,138,50,223,223,0.6995515695067265,10083.68267581475,5878787.0
2df41f38afef75d8c599483001daf2e1,0.86,21.1,0.8666666666666667,22.05,0.75,0.4118528578853046,449,50,1116,1116,0.7508960573476703,2301.1593283582088,6167107.0
58c2ac6f92a1c369e00bcb3a28af2d18,0.5143,2.75,0.95,2.1,0.9,0.497608052631579,83,30,76,76,0.5789473684210527,18706.128205128207,4377234.0
5f745f6c801324b8334d1ec452b5740f,0.8844,8.0,0.9666666666666667,1.85,1.0,0.34769745838926175,296,50,298,298,0.6073825503355704,6985.116722783389,6223739.0
97cbc42bf29a147e4a2c287664032734,0.5544,9.6,1.0,3.4,1.0,0.47167219388646286,335,50,458,458,0.5851528384279476,4827.9776,6034972.0
73a2ef803debeee21de0e42f9c91aa6c,0.67,2.0,1.0,3.3636363636363638,1.0,0.6123869705882353,60,41,102,102,0.7254901960784313,22121.384030418252,5817924.0
efb534de6f86b9996e556b05ddf72357,0.4514,1.4333333333333333,1.0,1.5,1.0,0.7255967532467532,66,50,77,77,0.7662337662337663,27334.08219178082,5986164.0
6ec3ff0c922ce84561ce5162f912b47e,0.44,2.9,0.85,,,0.4539905409836065,49,20,61,61,0.4918032786885246,14357.417647058823,2440761.0
24b7e056016caf9dd296647bf0d59905,0.38,4.0,0.9333333333333333,1.85,0.95,0.4261732955974843,178,50,159,159,0.48427672955974843,12231.741414141414,6054712.0
907372450aa412b4647b9b8a64967f71,0.7,5.882352941176471,0.6470588235294118,7.25,0.75,0.35795184326530616,189,37,245,245,0.636734693877551,8928.094395280235,6053248.0
993e2921b4681af69dd9c0baeb9225e2,0.8332999999999999,2.9,1.0,2.95,1.0,0.5772421061643835,86,50,146,146,0.7534246575342466,16201.090185676392,6107811.0
604541b9b9f266538ed001ea49fcc956,0.48,4.866666666666666,0.9666666666666667,1.55,1.0,0.4612459723163842,289,50,177,177,0.5423728813559322,9681.836448598131,6215739.0
a82ed528e2511d3232d2c92e274ffe31,0.94,7.733333333333333,1.0,5.75,1.0,0.3556903440789474,211,42,304,304,0.569078947368421,7469.907090464548,6110384.0
7f041c0dc0bc74c00d04f562504d778a,0.7556,2.5,1.0,1.6,1.0,0.5584117435897437,65,50,117,117,0.6495726495726496,20257.38255033557,6036700.0
1aabb3fa1280144bf946da37d00c05f1,0.3,4.518518518518518,0.7407407407407407,2.0,0.9230769230769231,0.42701964834437084,98,40,151,151,0.6026490066225165,15153.127819548872,6046098.0
dcf531edc9b229acfe0f4b87e1e278dd,0.62,1.4,1.0,1.2,1.0,0.7647058823529411,57,50,68,68,0.7647058823529411,31496.166666666668,6047264.0
26ad18ebce74087e6885d52a53bd72ae,0.4016,9.266666666666667,1.0,1.7,1.0,0.32416462939297125,414,50,313,313,0.4281150159744409,5593.9480269489895,5812112.0
5d5945691b9139b2876f663bba098c83,0.89,1.4333333333333333,1.0,1.05,1.0,0.83866071875,34,50,64,64,0.84375,37092.242236024846,5971851.0
0bbeaf0242180c8abffb2b8dada5a9e4,0.77,5.05,0.75,13.4,0.7,0.3140095408488064,266,40,377,377,0.5596816976127321,5950.860647693818,6063927.0
95a5a82212ea714ba2923f1bb3f1ffa1,0.94,,,4.7,0.9,0.34700197234042557,84,10,47,47,0.425531914893617,31.694915254237287,5610.0
8ee30f15c1c633d3e1c8a9aae5cfda35,0.0,,,,,0.46497244683544303,35,25,79,79,0.6582278481012658,12625.703125,2424135.0
033ee034918011e4e34a7f97d464261f,0.0,,,,,0.46326022727272725,19,12,44,44,0.75,9797.009433962265,1038483.0
edfccb5cf44f7c2c385f8d4470117a0d,0.76,2.4166666666666665,0.8333333333333334,,,0.643010348275862,5,12,29,29,0.8620689655172413,39035.25806451613,2420186.0
376dc62eeb4b777df0f1e58a91a7818f,0.84,4.733333333333333,0.9666666666666667,4.733333333333333,0.6666666666666666,0.4354935837209302,155,45,215,215,0.627906976744186,10516.378424657534,6141565.0
288d7e4b1fa80acd699c8287ec363e12,0.612,1.7,1.0,1.0526315789473684,1.0,0.7611852499999999,31,39,56,56,0.7678571428571429,42607.359154929574,6050245.0
f683900ca17bd492ad987ecf64e8ace6,0.6570999999999999,3.1666666666666665,1.0,3.5,1.0,0.3857782781065089,199,50,169,169,0.5088757396449705,10669.164179104477,5718672.0
81b1b300e54447e821ad2a2c690e296e,0.41,1.7333333333333334,1.0,1.3,1.0,0.6546703153846154,78,50,91,91,0.6923076923076923,22265.563706563706,5766781.0
a8578be2fe9a67d039ee7b4f18697286,0.904,4.566666666666666,1.0,3.3,0.95,0.4341700793103448,82,50,203,203,0.7192118226600985,12593.022587268993,6132802.0
22cd4d66fc24fc0163ac00d27c1433c5,0.66,2.1,1.0,4.076923076923077,0.7692307692307693,0.44798383783783785,79,23,74,74,0.6081081081081081,26824.62831858407,6062366.0
194309a52da9de185b531cfc697cfca8,0.61,3.5625,0.875,2.0,0.9,0.4512316623376624,53,26,77,77,0.5454545454545454,20700.839805825242,4264373.0
95a372b63ab8641f092e77acc9bf468c,0.8967,8.0,0.95,2.2222222222222223,1.0,0.32471661631578946,238,29,190,190,0.4,9979.98379254457,6157650.0
7e8dae845c0913d1bff36953378df627,0.5,8.583333333333334,0.5416666666666666,8.35,0.95,0.34986876373056996,260,44,386,386,0.5906735751295337,5973.336566440349,6158510.0
37bd8b4bb1cea47935613348ad16c660,0.88,4.666666666666667,1.0,4.3,1.0,0.3704425506550218,221,50,229,229,0.5109170305676856,8949.525073746312,6067778.0
9e52112668804599bae71e241e4b4548,0.88,3.0,1.0,4.2631578947368425,0.42105263157894735,0.42237960087719295,36,30,114,114,0.7280701754385965,23342.90114068441,6139183.0
1649f854581e9c03bc2c4e06023c5b99,0.606,3.1333333333333333,0.9666666666666667,1.7,1.0,0.4955752072072072,114,40,111,111,0.5675675675675675,17996.137313432835,6028706.0
6d0893ce02e4926539d6f7e0601c6161,0.82,4.75,1.0,4.3,1.0,0.4762801276243094,78,40,181,181,0.6685082872928176,10922.845102505695,4795129.0
1379719828be9ee6b08ca64edb818e2b,0.4553,8.545454545454545,0.8181818181818182,6.2,0.9,0.38262106692913384,223,32,254,254,0.5511811023622047,5544.541095890411,4047515.0
4f9ef38edcfc460a00cbb8ed5dee299c,0.5617,3.8333333333333335,1.0,1.75,1.0,0.5081838223684211,125,50,152,152,0.6118421052631579,13977.196261682244,5982240.0
c2e8b74defb073cd8cf4e942136ea164,0.45,1.8,1.0,1.3,1.0,0.6283753529411764,84,40,68,68,0.6323529411764706,26823.534246575342,5874354.0
9964364bfd2b38643a0b41b981c01f60,0.6644,9.9,1.0,3.8,0.8,0.3237572234309623,156,30,239,239,0.5564853556485355,8251.472353870458,5223182.0
64dc9a6c0360fbe40c49a20e4c0aaa6f,0.7656999999999999,8.833333333333334,0.9666666666666667,7.0,0.8,0.4055652111922141,288,50,411,411,0.6861313868613139,5508.972948602344,6109451.0
183f50a7700982a3ed18ff6d7a5777bf,0.71,2.7666666666666666,1.0,1.2,1.0,0.6269258935779816,41,50,109,109,0.7064220183486238,23489.04651162791,6060174.0
8c19f571e251e61cb8dd3612f26d5ecf,0.36,2.3448275862068964,1.0,1.6363636363636365,1.0,0.5664892790697674,96,40,86,86,0.6162790697674418,22729.936329588014,6068893.0
e86c39706a2a5033ed14f935353f015e,0.44,1.7333333333333334,1.0,1.4,1.0,0.702037037037037,42,50,81,81,0.7407407407407407,29304.157635467982,5948744.0
222d97000e1b90c1ed0f97e5cd9c203d,0.46,1.9666666666666666,1.0,1.9,1.0,0.5553248163265306,86,50,98,98,0.5612244897959183,21235.459074733095,5967164.0
76c073d8a82d9ddaf993300be03ac70f,0.57,2.1333333333333333,1.0,1.6,1.0,0.59019928125,124,50,96,96,0.6041666666666666,19145.34603174603,6030784.0
07ae4cca3f90a49347ccb5c1a82ff46f,0.84,2.433333333333333,0.9666666666666667,1.1,1.0,0.6360714166666667,77,50,96,96,0.6666666666666666,22590.167910447763,6054165.0
0ae12dc3676bc09a35fe6ed96926a6b5,0.6944,2.1333333333333333,1.0,1.75,1.0,0.6413390533980583,27,50,103,103,0.7766990291262136,26166.64224137931,6070661.0
ed58966527f3896422f854dc5d703513,0.67,1.5,1.0,3.0,0.3333333333333333,0.509100809090909,9,16,33,33,0.7575757575757576,81995.55405405405,6067671.0
caeed832ab664f42bc7ebe8a0ea0edc6,0.7020000000000001,4.875,0.9583333333333334,2.3,1.0,0.49371838414634145,87,44,164,164,0.6646341463414634,14609.316425120773,6048257.0
f416d0fbce436dde50730df3a12bba3b,0.32,4.0,0.0,,,0.0,16,1,4,4,0.0,4.173913043478261,96.0
5165bb7092845d883f5d8fd52d1f32b5,0.6,2.7666666666666666,1.0,1.35,1.0,0.4873549818181818,201,50,110,110,0.5181818181818182,14190.82380952381,5960146.0
7c960f55df3daa0b92903925d683ae1b,0.34,1.6666666666666667,0.9666666666666667,1.4,1.0,0.6539072051282051,60,50,78,78,0.6794871794871795,27629.06511627907,5940249.0
2b8248d6e484fd4c09f3e0102f1dfd14,0.706,2.0,1.0,2.2,1.0,0.5420092264150943,64,50,106,106,0.5754716981132075,21719.523636363636,5972869.0
da441fc259bec560a67460b17f4b657e,0.7137,6.2,1.0,5.15,1.0,0.49288831618122975,216,50,309,309,0.7055016181229773,7301.286914765907,6081972.0
effaa633fc27abdde0023af10ac9685e,0.435,5.0,0.2727272727272727,2.2,0.9,0.3193591127819549,113,32,133,133,0.5037593984962406,16571.865079365078,6264165.0
47c25f64f2b40398afb5cd9e67e53f28,0.9044,2.6,0.9,4.9,0.9,0.4450320379120879,146,50,182,182,0.5659340659340659,12025.573673870334,6121017.0
1b6171ff276542bd344c1600aaca6165,0.0,,,,,0.5843669069767442,25,21,43,43,0.6046511627906976,21955.645454545454,2415121.0
9f3d342d38e036a9137ef3e270d9d79c,0.57,4.633333333333334,1.0,1.3636363636363635,1.0,0.4453582847133758,172,41,157,157,0.5796178343949044,12597.222680412371,6109653.0
4001d4deb84960a46967e0676a191708,0.46,3.0,1.0,,,0.5054942857142857,3,1,7,7,0.8571428571428571,16.5,264.0
cfa932116e1a833196044a79151ccba3,0.78,10.033333333333333,0.43333333333333335,6.2,0.4,0.3014743535211268,714,50,426,426,0.5563380281690141,3860.906709265176,6042319.0
88591b4d3219675bdeb33584b755f680,0.491,4.566666666666666,0.9666666666666667,3.95,1.0,0.42920647181818183,182,50,220,220,0.6090909090909091,10263.774557165862,6373804.0
29a83a8a9641bb860a679d7e5ba52d26,0.7234999999999999,10.4,0.9666666666666667,7.7,0.9,0.2827359852564103,363,50,468,468,0.5448717948717948,4653.537750385208,6040292.0
dc5631bb775757e5ae1e430034ad1a21,0.77,6.733333333333333,1.0,5.7,0.95,0.3149461911392405,355,50,316,316,0.49050632911392406,6117.9097363083165,6032259.0
14e676072a5b15381b6f7f33c3528215,0.34,1.4333333333333333,1.0,1.2,1.0,0.7687675147058823,37,50,68,68,0.7794117647058824,34960.9476744186,6013283.0
138a14eaf4a8c188a6c41cafd9400a30,0.79,6.9,0.8,1.2,1.0,0.6431055432098766,31,20,81,81,0.7777777777777778,31614.09375,6069906.0
b899ce5418c4ff13144e96c1af4d6306,0.86,6.0,0.9666666666666667,4.35,0.95,0.4226415904761905,204,50,273,273,0.6996336996336996,8062.981308411215,6039173.0
9ed19fde2d99cd17ceafd0fe127f3176,0.0,,,,,0.23699469387755104,59,7,49,49,0.30612244897959184,6088.596153846154,949821.0
3b0cc5f591dd5b8dacb0c8e01546b2b4,0.8689,5.55,0.85,3.6666666666666665,0.7222222222222222,0.3908423918478261,156,38,184,184,0.6793478260869565,11607.577437858508,6070763.0
7048a4636546df0025a5a78b0fc517c0,0.9,3.8666666666666667,1.0,2.3,1.0,0.42202077283236994,119,50,173,173,0.5433526011560693,13001.590517241379,6032738.0
4223a1d5b9e017dda51515829140e5d2,0.44,8.7,0.95,,,0.2886936842105263,375,20,190,190,0.34210526315789475,3237.180371352785,2440834.0
e2a95f085fcfbe679d6915921ce6603f,0.8217,4.333333333333333,1.0,6.0,1.0,0.3629675542105263,148,40,190,190,0.531578947368421,8176.848197343454,4309199.0
feae21bb32b7b4aa690fab151b60b598,0.59,1.3666666666666667,0.9666666666666667,1.05,1.0,0.8334328358208956,75,50,67,67,0.835820895522388,27343.471153846152,5687442.0
2f27e0f4118efff145aeecd8367fbb37,0.5433,4.066666666666666,1.0,1.65,1.0,0.5174627487179487,456,50,195,195,0.5538461538461539,7018.31124260355,5930473.0
aa8cb12cf9bdaf4c309614e7a427b480,0.96,3.4545454545454546,0.9545454545454546,3.3,1.0,0.45223857589285715,54,32,112,112,0.6875,14637.487364620938,4054584.0
827f9b2d5830e0cf3d3987cc9b575eec,0.0,,,,,0.7582417619047619,50,30,42,42,0.7619047619047619,18255.669172932332,2428004.0
1cd45c346398d2ee6a71296e1fa88796,0.4,6.3,1.0,6.75,1.0,0.4061963061349694,310,40,326,326,0.6226993865030674,5516.221644120707,5301089.0
4346ad94c2790cac390e684155a2ecba,0.4844,4.4,1.0,4.0,0.9,0.304362264,200,40,175,175,0.44,11205.413479052824,6151772.0
65f4086dbc18fa214f5a7a49bf55b981,0.3917,4.1,0.9666666666666667,4.0,0.9230769230769231,0.3908022022727273,174,43,176,176,0.4943181818181818,12002.521904761905,6301324.0
8efe4ff08d6f51db0f7179fbef12f2f1,0.82,5.133333333333334,0.9,5.95,0.8,0.39635031163636364,212,50,275,275,0.730909090909091,7919.672798948752,6026871.0
450ad5ed12c018f57a29c8f0ea7008ff,0.92,6.033333333333333,1.0,6.1,1.0,0.3904680306451613,196,50,310,310,0.603225806451613,7534.514110429448,6140629.0
24a7ffe3bda20532c5f116825ff5dfcf,0.5761,1.3666666666666667,0.9333333333333333,1.65,1.0,0.7017636883116883,40,50,77,77,0.7142857142857143,29919.18652849741,5774403.0
79bdf6773fe52c08470c97f7218ed3e9,0.5866,4.333333333333333,1.0,1.7777777777777777,1.0,0.469486854109589,80,39,146,146,0.6712328767123288,10055.811320754718,3730706.0
d8ec7fefbec9864f0453074a21fc2067,0.5811,2.35,1.0,2.5,1.0,0.44533098058252424,162,40,103,103,0.44660194174757284,16431.32970027248,6030298.0
24bdf19471ff9ff91a2aed47a747ca4e,0.8275,6.633333333333334,0.8333333333333334,3.9,0.95,0.3446883882562278,225,50,281,281,0.5266903914590747,7696.202290076336,6049215.0
6356d91dc6015575d84dc35e14ef20e3,0.8283,3.466666666666667,1.0,4.8,1.0,0.539547660089686,100,50,223,223,0.7533632286995515,11239.453211009175,6125502.0
d37eb50d868361ea729bb4147eb3c1d8,0.5367000000000001,1.3,0.9,1.6,1.0,0.6851574137931035,15,20,29,29,0.6896551724137931,56375.208333333336,4059015.0
5ae81daa87d6649df09002741e5b1738,0.552,3.65,0.9,2.5,1.0,0.47404302000000004,64,30,100,100,0.69,11836.026615969582,3112875.0
580274a213455c56684ab9f6e7a9995a,0.82,5.933333333333334,0.8333333333333334,6.8,0.8,0.434723070700637,80,50,314,314,0.8280254777070064,8676.074964639321,6133985.0
54eb551059f626c9e2682813fff354a8,0.5540999999999999,4.1,0.5,3.7,0.85,0.3825010932773109,79,30,119,119,0.5798319327731093,19432.33860759494,6140619.0
b844b947d3f4f2829acc21c79ee6ef5e,0.8,3.9130434782608696,0.9565217391304348,4.117647058823529,0.9411764705882353,0.4568328141104294,119,40,163,163,0.5766871165644172,13685.963963963964,6076568.0
45e0e538b89751332e2055013fe7ac3e,0.7417,4.428571428571429,0.8571428571428571,3.6,0.8,0.3709952079207921,143,24,101,101,0.5148514851485149,17645.13081395349,6069925.0
7903be1cbb0d9fa21a7b898150f02368,0.6184000000000001,8.033333333333333,1.0,7.9,1.0,0.3495574083916084,566,50,572,572,0.47202797202797203,3485.1222937390285,5956074.0
acb797b40a9632e6a031b31100b37630,0.76,1.4,1.0,1.05,1.0,0.8555573880597015,17,50,67,67,0.8656716417910447,40392.23333333333,6058835.0
34b99cc2f738d8a132faea2e0cc4c13b,0.56,1.0333333333333334,1.0,1.1,1.0,0.9626794181818181,2,50,55,55,0.9636363636363636,54351.43243243243,6033009.0
2f5c6c71d7605196314fc5e5873e4dc5,0.84,3.966666666666667,0.7666666666666667,3.55,1.0,0.3629306890052356,156,50,191,191,0.5130890052356021,11047.806331471136,5932672.0
6910a0f1eff035477ff9f52993ebf0b1,0.537,5.421052631578948,0.21052631578947367,7.7368421052631575,0.7894736842105263,0.23966601912350596,292,38,251,251,0.4940239043824701,7589.331651954602,6018340.0
56de534cf589f6d0ca09630db803ba00,0.8417,7.4,0.9,10.5,1.0,0.3625952273556231,211,40,329,329,0.6565349544072948,4491.6866359447,3898784.0
4d230b683bf9840553ae57f4acc96e81,0.92,3.7333333333333334,1.0,4.85,1.0,0.476165409478673,170,50,211,211,0.6824644549763034,9927.761421319798,5867307.0
631fe0c7519b232b0a0f6b965af015a9,0.92,6.6,0.95,3.4,1.0,0.32323660786516856,243,30,178,178,0.449438202247191,10511.061872909699,6285615.0
a8442efac020cf971575de816beb459e,0.0,,,,,0.5724332678571429,84,16,56,56,0.625,12423.358974358975,2422555.0
def14e8541708294d7558fdf2126ef27,0.7917000000000001,5.5,0.75,3.75,0.8,0.36700004810810805,217,40,185,185,0.5675675675675675,10322.17747440273,6048796.0
d185c5ed37536ac0063f735f7a15dd24,0.9,4.482758620689655,0.8620689655172413,5.1,0.9,0.40162095,242,49,238,238,0.6134453781512605,8704.23849372385,6240939.0
27059a11c58ade9b03bde05c2ca7c285,0.435,1.7142857142857142,0.8928571428571429,3.3333333333333335,0.6666666666666666,0.45166367468354435,64,37,79,79,0.569620253164557,29061.9592760181,6422693.0
3e53ca3d4e69bc938071715257cc62b9,0.495,2.85,0.95,,,0.37340719298245617,55,20,57,57,0.38596491228070173,14359.577380952382,2412409.0
fa28c6cdf8dd6f41a657c3d7caa5c709,0.24,1.4333333333333333,0.9666666666666667,1.2,1.0,0.7705188358208955,83,50,67,67,0.7761194029850746,26998.412037037036,5831657.0
f40a635828e2bffd0a598a7ed621fc93,0.88,4.6,1.0,4.6,1.0,0.49940347142857144,152,50,252,252,0.6944444444444444,8756.624427480916,5735589.0
cb03474483e366b5c8dd9f4a2a7537c1,0.693,4.866666666666666,0.9666666666666667,6.3,1.0,0.3417519931899642,271,50,279,279,0.5340501792114696,7314.329710144928,6056265.0
9e6bc03970c47b5183cb2ee13799dcca,0.8033,2.466666666666667,0.9666666666666667,2.125,1.0,0.5248654636363637,96,46,110,110,0.5636363636363636,18357.768253968254,5782697.0
3bbbc60ff463969b78a091ff51ac6566,0.0,,,,,0.3679654102564102,54,12,39,39,0.41025641025641024,8072.725190839695,1057527.0
cc70903297fe1e25537ae50aea186306,0.42,1.4,1.0,1.3,1.0,0.7929317432432432,25,50,74,74,0.8108108108108109,35214.33720930233,6056866.0
59c3a5e4aab2b411b56805200085e4c2,0.476,5.766666666666667,1.0,3.9,1.0,0.3799441270588235,252,50,255,255,0.5137254901960784,7930.810775295664,6035347.0
4de1ed74128a96a8b5900186486aacba,0.79,1.0,1.0,3.25,1.0,0.5569936546666667,46,30,75,75,0.7066666666666667,30949.589743589742,6035170.0
3c82c42719365742090eb207695a1055,0.79,6.705882352941177,0.9411764705882353,5.15,0.95,0.4430364234234234,194,37,222,222,0.6531531531531531,7846.596546310832,4998282.0
29b2cd4a11745fefecc14912d2f95dd8,0.88,2.15,1.0,1.2,1.0,0.5868537500000001,39,30,56,56,0.6607142857142857,33475.73333333333,5021360.0
e8dc153260a59d4f236cfd7439d5dfd3,0.8,2.8333333333333335,0.9,1.2,0.95,0.6093894727272727,41,50,110,110,0.7090909090909091,23279.36923076923,6052636.0
4a914e5c38172ae9b61780ffbd0b2f90,0.8244,6.052631578947368,0.7368421052631579,6.1,0.95,0.35908315204918034,218,39,244,244,0.569672131147541,8706.035460992907,6137755.0
700fe688ff2970d633ff04c9b7f7cdd4,0.62,1.5,1.0,1.1,1.0,0.774074074074074,13,40,54,54,0.7777777777777778,42545.40833333333,5105449.0
ffb72475a81de0e95b910ffad039f5c2,0.6817,4.2,1.0,7.1,0.85,0.36680124713656387,290,40,227,227,0.5770925110132159,8223.685060565276,6110198.0
f0cd63afa3dd55eb9f7857db09d52ce3,0.37,2.0,1.0,1.3,1.0,0.6199905434782609,59,50,92,92,0.6413043478260869,25355.752066115703,6136092.0
40195594f1244e7ec627b1c6a5a35585,0.7029000000000001,10.153846153846153,1.0,10.35,1.0,0.2955681656160458,545,33,349,349,0.4899713467048711,4855.854267310789,6030971.0
e2d083a5fd066b082d93042169313e21,0.68,8.933333333333334,1.0,7.0,1.0,0.3445194453724605,410,50,443,443,0.5056433408577878,4756.796911196911,6160052.0
2e667fca5e24ac13dcee94ddc4aa751a,0.0,,,,,0.7333333333333333,4,10,15,15,0.7333333333333333,34.303030303030305,1132.0
65a5e77645ee9f1918165a0a8c503297,0.0,,,,,0.79866666,21,40,50,50,0.82,33904.308333333334,4068517.0
c8720c9e82b818798e7b391fd62adf33,0.92,5.1,1.0,2.9,1.0,0.4010179530805687,116,50,211,211,0.5545023696682464,10776.530726256984,5786997.0
901e70da072bc616caa6337421abe4ae,0.0,,,,,0.0,19,1,11,11,0.0,50.8,2032.0
